id,incident_date,address,city,county,state,number_killed,number_injured,operations,city_or_county,number,street,city_2,zip,county_2,households_total,households_moe,median_income_total,median_income_moe,accuracy_score,accuracy_type,state_2,latitude,longitude,state_fips,county_fips,place_fips,census_tract_code,census_block_code,census_block_group,full_fips
1,2019-03-27,Cliff Creek Crossing Dr,Dallas,NA,Texas,0,1,N/A,Dallas,NA,Cliff Creek Crossing Dr,Dallas,75237,Dallas County,1444,200,16029,3705,1,street_center,TX,32.653613,-96.871548,48,48113,4819000,010902,3021,3,481130109023021
2,2019-03-22,2800 Katy Hockley Cut Off Rd,Katy,NA,Texas,0,1,N/A,Katy,2800,Katy Hockley Cut Off Rd,Katy,77493,Harris County,2471,309,87804,29465,1,rooftop,TX,29.813781,-95.808131,48,48201,4838476,542900,2012,2,482015429002012
3,2019-03-18,25000 block of Elmley Place,Spring,NA,Texas,1,0,N/A,Spring,NA,NA,Spring,77373,Harris County,NA,NA,NA,NA,0.33,place,TX,30.062169,-95.383966,48,48201,4869596,241101,1013,1,482012411011013
4,2019-03-13,12929 Northwest Fwy,Houston,NA,Texas,1,0,N/A,Houston,12929,Northwest Fwy,Houston,77040,Harris County,666,174,30278,13384,1,rooftop,TX,29.844012,-95.499072,48,48201,4835000,521700,1017,1,482015217001017
5,2019-02-22,1314 Clinton Ave,Fort Worth,NA,Texas,0,1,N/A,Fort Worth,1314,Clinton Ave,Fort Worth,76164,Tarrant County,442,61,34306,11029,1,rooftop,TX,32.776227,-97.348206,48,48439,4827000,100900,2052,2,484391009002052
6,2019-02-11,Apple Valley Dr,San Antonio,NA,Texas,0,1,N/A,San Antonio,NA,Apple Valley Dr,San Antonio,78242,Bexar County,608,94,42643,9568,1,street_center,TX,29.360011,-98.62198,48,48029,4865000,161503,1015,1,480291615031015
7,2019-01-27,Kimberly Glen Ln and Postwood Glen Ln,Spring,NA,Texas,1,0,N/A,Spring,NA,Kimberly Glen Ln,Spring,77373,Harris County,NA,NA,NA,NA,0.91,intersection,TX,30.049115,-95.350667,48,48201,4869596,241102,2003,2,482012411022003
8,2019-01-22,16900 block of Jenikay Ln,Houston,NA,Texas,1,0,N/A,Houston,NA,Belk St,Houston,77087,Harris County,392,87,25469,4498,0.5,street_center,TX,29.694371,-95.313616,48,48201,4835000,332800,1018,1,482013328001018
9,2019-01-19,4700 block of Midway Dr,Temple,NA,Texas,2,0,N/A,Temple,NA,NA,Temple,76501,Bell County,NA,NA,NA,NA,0.33,place,TX,31.068306,-97.3047,48,48027,4872176,020800,1021,1,480270208001021
10,2019-01-19,2107 Lyndon Creek Ln,Houston,NA,Texas,1,0,N/A,Houston,2107,Linden Creek Ln,Houston,77017,Harris County,501,84,64083,17941,1,rooftop,TX,29.678961,-95.233939,48,48201,4835000,321700,2015,2,482013217002015
11,2019-01-19,11600 block of Vinedale Dr,Houston,NA,Texas,1,0,N/A,Houston,NA,Belk St,Houston,77087,Harris County,392,87,25469,4498,0.5,street_center,TX,29.694371,-95.313616,48,48201,4835000,332800,1018,1,482013328001018
12,2019-01-16,4000 W 34th St,Houston,NA,Texas,1,0,N/A,Houston,4000,W 34th St,Houston,77092,Harris County,588,159,34702,14997,1,rooftop,TX,29.817956,-95.450925,48,48201,4835000,531300,1002,1,482015313001002
13,2019-01-13,1400 block of East Power Ave,Victoria,NA,Texas,0,1,N/A,Victoria,NA,Blake St,Victoria,77905,Victoria County,426,130,60556,19158,0.1,street_center,TX,28.814608,-97.073865,48,48469,4875428,001400,3023,3,484690014003023
14,2019-01-10,N/A,NA,Montgomery,Texas,0,1,N/A,Montgomery (county),NA,NA,NA,NA,NA,NA,NA,NA,NA,1,state,TX,31.434703,-99.281824,NA,NA,NA,NA,NA,NA,NA
15,2018-12-15,13000 block of Duncum St,Houston,NA,Texas,1,0,N/A,Houston,NA,Belk St,Houston,77087,Harris County,392,87,25469,4498,0.5,street_center,TX,29.694371,-95.313616,48,48201,4835000,332800,1018,1,482013328001018
16,2018-12-04,4000 block of Wintergreen Dr,Humble,NA,Texas,0,1,N/A,Humble,NA,NA,Humble,77325,Harris County,NA,NA,NA,NA,0.33,place,TX,29.83399,-95.434241,48,48201,4835348,531700,2004,2,482015317002004
17,2018-12-04,1800 block of Bickers St,Dallas,NA,Texas,1,0,N/A,Dallas,NA,Bilco St,Dallas,75232,Dallas County,494,104,35500,29452,0.5,street_center,TX,32.679814,-96.850223,48,48113,4819000,011001,4004,4,481130110014004
18,2018-11-18,9600 block of Beckleycrest Ave,Dallas,NA,Texas,1,0,N/A,Dallas,NA,Bilco St,Dallas,75232,Dallas County,494,104,35500,29452,0.5,street_center,TX,32.679814,-96.850223,48,48113,4819000,011001,4004,4,481130110014004
19,2018-11-17,1400 block of Tumbleweed Tr,Roanoke (Northlake),NA,Texas,1,0,N/A,Roanoke (Northlake),NA,NA,Roanoke,76262,Denton County,NA,NA,NA,NA,0.33,place,TX,33.009335,-97.22672,48,48121,4862504,020306,2054,2,481210203062054
20,2018-10-26,1000 block of County Rd 678,Brazoria,NA,Texas,0,1,N/A,Brazoria,NA,NA,Brazoria,77422,Brazoria County,NA,NA,NA,NA,0.33,place,TX,28.995948,-95.520413,48,48039,4810072,663000,3032,3,480396630003032
21,2018-10-17,200 block of Roberts St,San Antonio,NA,Texas,1,1,N/A,San Antonio,NA,NA,San Antonio,78201,Bexar County,NA,NA,NA,NA,0.33,place,TX,29.468413,-98.528889,48,48029,4865000,180201,4046,4,480291802014046
22,2018-10-07,4849 Haverwood Ln,Dallas,NA,Texas,1,0,N/A,Dallas,4849,Haverwood Ln,Dallas,75287,Collin County,620,130,52659,14340,1,rooftop,TX,33.007939,-96.822803,48,48085,4819000,031714,2006,2,480850317142006
23,2018-10-04,Southminster Dr and Ashcroft Dr,Houston,NA,Texas,0,1,N/A,Houston,NA,Ashcroft Dr,Houston,77035,Harris County,NA,NA,NA,NA,1,intersection,TX,29.639179,-95.492277,48,48201,4835000,422100,3002,3,482014221003002
24,2018-10-04,Southminster Dr,Houston,NA,Texas,0,1,N/A,Houston,NA,Southminster Dr,Houston,77035,Harris County,458,116,58045,29489,1,street_center,TX,29.639963,-95.488464,48,48201,4835000,422100,3003,3,482014221003003
25,2018-09-30,5100 block of Mountain Springs Tr,Fort Worth,NA,Texas,0,2,N/A,Fort Worth,NA,NA,Fort Worth,76101,Tarrant County,NA,NA,NA,NA,0.33,place,TX,32.771419,-97.291484,48,48439,4827000,101202,3005,3,484391012023005
26,2018-09-30,6700 block of Atasca Dr,Humble (Atascocita),NA,Texas,1,0,N/A,Humble (Atascocita),NA,NA,Humble,77325,Harris County,NA,NA,NA,NA,0.33,place,TX,29.83399,-95.434241,48,48201,4835348,531700,2004,2,482015317002004
27,2018-09-27,FM 1209,Rusk,NA,Texas,1,0,N/A,Rusk,NA,Fm,Rusk,75785,Cherokee County,513,101,35082,4606,0.9,street_center,TX,31.777035,-95.163397,48,48073,4863848,950801,2052,2,480739508012052
28,2018-08-24,Schroeder Ave,San Angelo,NA,Texas,0,1,N/A,San Angelo,NA,N Schroeder Ave,San Angelo,76905,Tom Green County,474,97,33864,7328,0.9,street_center,TX,31.473525,-100.409451,48,48451,4864472,000300,2097,2,484510003002097
29,2018-08-13,US-90 and TX-326,Nome,NA,Texas,0,1,N/A,Nome,NA,Us Hwy 90,Nome,77629,Jefferson County,877,90,71813,14223,1,street_center,TX,30.036427,-94.417552,48,48245,4851720,011500,1047,1,482450115001047
30,2018-08-10,N/A,San Antonio,NA,Texas,0,1,N/A,San Antonio,NA,NA,San Antonio,78201,Bexar County,NA,NA,NA,NA,1,place,TX,29.468413,-98.528889,48,48029,4865000,180201,4046,4,480291802014046
31,2018-08-08,2300 block of W Salinas,San Antonio,NA,Texas,0,1,N/A,San Antonio,NA,NA,San Antonio,78201,Bexar County,NA,NA,NA,NA,0.33,place,TX,29.468413,-98.528889,48,48029,4865000,180201,4046,4,480291802014046
32,2018-07-31,19435 Ambrosia Falls Dr,Tomball,NA,Texas,0,1,N/A,Tomball,19435,Ambrosia Falls Dr,Tomball,77375,Harris County,5107,228,75859,7941,1,rooftop,TX,30.045186,-95.592674,48,48201,4873316,554801,1085,1,482015548011085
33,2018-07-24,1100 S Loop 336,Conroe,NA,Texas,1,0,N/A,Conroe,1100,S Loop 336 W,Conroe,77304,Montgomery County,1257,201,59196,27384,0.9,rooftop,TX,30.284077,-95.474996,48,48339,4816432,693300,3032,3,483396933003032
34,2018-07-18,CR 418,Premont,NA,Texas,0,1,N/A,Premont,NA,Co Rd 418,Premont,78375,Jim Wells County,267,72,54306,17346,0.8,street_center,TX,27.339697,-98.099663,48,48249,4859384,950700,4292,4,482499507004292
35,2018-07-11,7109 W Loop 1604 N,San Antonio,NA,Texas,0,1,N/A,San Antonio,7109,W 1604 N,San Antonio,78254,Bexar County,2256,242,58483,7509,0.8,rooftop,TX,29.505427,-98.700853,48,48029,4865000,181728,1027,1,480291817281027
36,2018-07-10,31700 block of Dunham Lake Dr,Cypress,NA,Texas,0,1,N/A,Cypress,NA,NA,Cypress,77410,Harris County,NA,NA,NA,NA,0.33,place,TX,29.83399,-95.434241,48,48201,4818356,531700,2004,2,482015317002004
37,2018-07-08,5518 Culebra Rd,San Antonio,NA,Texas,0,1,N/A,San Antonio,5518,Culebra Rd,San Antonio,78228,Bexar County,498,91,49015,10773,1,rooftop,TX,29.446258,-98.59695,48,48029,4865000,171401,1000,1,480291714011000
38,2018-07-08,8400 block of Knox St,Houston,NA,Texas,1,0,N/A,Houston,NA,Belk St,Houston,77087,Harris County,392,87,25469,4498,0.5,street_center,TX,29.694371,-95.313616,48,48201,4835000,332800,1018,1,482013328001018
39,2018-06-09,N/A,Roby,NA,Texas,0,1,N/A,Roby,NA,NA,Roby,79543,Fisher County,NA,NA,NA,NA,1,place,TX,32.749277,-100.338798,48,48151,4862612,950300,2028,2,481519503002028
40,2018-06-05,TX 207 and Franklin St,Borger,NA,Texas,1,1,N/A,Borger,NA,Franklin St,Borger,79007,Hutchinson County,NA,NA,NA,NA,0.8,intersection,TX,35.654973,-101.398778,48,48233,4809556,950900,4038,4,482339509004038
41,2018-05-20,10900 block of Telephone Rd,Houston,NA,Texas,0,1,N/A,Houston,NA,Belk St,Houston,77087,Harris County,392,87,25469,4498,0.5,street_center,TX,29.694371,-95.313616,48,48201,4835000,332800,1018,1,482013328001018
42,2018-05-12,1100 block of Fairview Dr,Rockwall,NA,Texas,1,0,N/A,Rockwall,NA,NA,Rockwall,75032,Rockwall County,NA,NA,NA,NA,0.33,place,TX,32.886,-96.409502,48,48397,4862828,040505,4059,4,483970405054059
43,2018-04-30,N/A,Christine,NA,Texas,1,1,N/A,Christine,NA,NA,Christine,78012,Atascosa County,NA,NA,NA,NA,1,place,TX,28.785811,-98.488586,48,48013,4814860,960600,4087,4,480139606004087
44,2018-04-10,11300 block of Roszell St,San Antonio,NA,Texas,0,1,N/A,San Antonio,NA,NA,San Antonio,78201,Bexar County,NA,NA,NA,NA,0.33,place,TX,29.468413,-98.528889,48,48029,4865000,180201,4046,4,480291802014046
45,2018-04-09,N Dale St,Stephenville,NA,Texas,0,1,N/A,Stephenville,NA,N Dl,Stephenville,76401,Erath County,650,173,44590,16549,1,street_center,TX,32.217298,-98.234245,48,48143,4870208,950400,3026,3,481439504003026
46,2018-03-22,306 S 25th St,Temple,NA,Texas,0,1,N/A,Temple,306,S 25th St,Temple,76504,Bell County,323,49,24427,10684,1,rooftop,TX,31.096828,-97.355739,48,48027,4872176,020702,1062,1,480270207021062
47,2018-03-21,TX 7,Martinsville,NA,Texas,1,0,N/A,Martinsville,NA,NA,Martinsville,75958,Nacogdoches County,NA,NA,NA,NA,1,place,TX,31.534162,-94.639022,48,48347,4846896,950301,4003,4,483479503014003
48,2018-03-12,1300 block of Loop Rd,Beaumont,NA,Texas,0,1,N/A,Beaumont,NA,Black Ln,Beaumont,77713,Jefferson County,1058,173,57847,22172,0.6,street_center,TX,30.169251,-94.190681,48,48245,4807000,000101,2018,2,482450001012018
49,2018-02-28,2700 block of Waldron Rd,Corpus Christi,NA,Texas,0,1,N/A,Corpus Christi,NA,NA,Corpus Christi,78401,Nueces County,NA,NA,NA,NA,0.33,place,TX,27.797802,-97.399067,48,48355,4817000,006400,2102,2,483550064002102
50,2018-02-20,7100 block of Dale Rd,El Paso,NA,Texas,1,0,N/A,El Paso,7104,Black Rdg,El Paso,79912,El Paso County,1222,101,85063,13634,0.8,nearest_rooftop_match,TX,31.875464,-106.556204,48,48141,4824000,010217,2022,2,481410102172022
51,2018-02-15,4721 S Cooper St,Arlington,NA,Texas,0,1,N/A,Arlington,4721,S Cooper St,Arlington,76017,Tarrant County,462,152,52222,33125,1,rooftop,TX,32.669492,-97.133823,48,48439,4804000,111516,2035,2,484391115162035
52,2018-02-08,5010 I-27,Lubbock,NA,Texas,1,0,N/A,Lubbock,5010,I 27,Lubbock,79407,Lubbock County,523,131,37634,16264,1,range_interpolation,TX,33.569491,-101.91903,48,48303,4845000,001601,1018,1,483030016011018
53,2018-02-05,Albany Dr,Mabank,NA,Texas,0,1,N/A,Mabank,NA,Albany Dr,Mabank,75156,Henderson County,460,123,39434,7823,1,street_center,TX,32.294222,-96.10045,48,48213,4847892,950901,4027,4,482139509014027
54,2018-02-04,N/A,Texarkana,NA,Texas,0,1,N/A,Texarkana,NA,NA,Texarkana,75501,Bowie County,NA,NA,NA,NA,1,place,TX,33.411321,-94.177354,48,48037,4872368,011200,1089,1,480370112001089
55,2018-01-28,1400 block of W Gulf Bank Rd,Houston,NA,Texas,1,0,N/A,Houston,NA,Belk St,Houston,77087,Harris County,392,87,25469,4498,0.5,street_center,TX,29.694371,-95.313616,48,48201,4835000,332800,1018,1,482013328001018
56,2018-01-28,1100 block of W St Francis St,Brownsville,NA,Texas,0,1,N/A,Brownsville,NA,NA,Brownsville,78520,Cameron County,NA,NA,NA,NA,0.33,place,TX,25.963264,-97.550453,48,48061,4810768,012507,1021,1,480610125071021
57,2018-01-27,Lynn Cir and 29th St,Texas City,NA,Texas,1,0,N/A,Texas City,NA,29th St N,Texas City,77590,Galveston County,NA,NA,NA,NA,0.8,intersection,TX,29.393186,-94.937229,48,48167,4872392,722300,4004,4,481677223004004
58,2018-01-24,3900 block of Lawnwood St,Fort Worth,NA,Texas,1,0,N/A,Fort Worth,3854,Black Canyon Rd,Fort Worth,76109,Tarrant County,818,143,96827,50459,0.2,nearest_rooftop_match,TX,32.692869,-97.395986,48,48439,4827000,105405,3084,3,484391054053084
59,2018-01-05,8125 Mills Rd,Houston,NA,Texas,0,1,N/A,Houston,8125,Mills Rd,Houston,77064,Harris County,1786,189,64885,24823,1,rooftop,TX,29.949175,-95.538582,48,48201,4835000,551500,2007,2,482015515002007
60,2017-12-30,1000 block of E Walnut St,Hillsboro,NA,Texas,1,0,N/A,Hillsboro,NA,NA,Hillsboro,76645,Hill County,NA,NA,NA,NA,0.33,place,TX,31.937903,-97.057661,48,48217,4834088,961100,2232,2,482179611002232
61,2017-12-17,1500 block of Wilson,Deer Park,NA,Texas,1,0,N/A,Deer Park,NA,NA,Deer Park,77536,Harris County,NA,NA,NA,NA,0.33,place,TX,29.687972,-95.116749,48,48201,4819624,342700,3000,3,482013427003000
62,2017-11-28,6300 block of Feather Creek Dr,Houston,NA,Texas,0,1,N/A,Houston,NA,Belk St,Houston,77087,Harris County,392,87,25469,4498,0.5,street_center,TX,29.694371,-95.313616,48,48201,4835000,332800,1018,1,482013328001018
63,2017-11-24,8000 block of Grow Ln,Houston,NA,Texas,0,1,N/A,Houston,NA,Belk St,Houston,77087,Harris County,392,87,25469,4498,0.5,street_center,TX,29.694371,-95.313616,48,48201,4835000,332800,1018,1,482013328001018
64,2017-11-24,N/A,Bulverde,NA,Texas,1,0,N/A,Bulverde,NA,NA,Bulverde,78163,Comal County,NA,NA,NA,NA,1,place,TX,29.776691,-98.46263,48,48091,4811224,310704,2016,2,480913107042016
65,2017-11-21,110 Mercedes Street,San Antonio,NA,Texas,0,1,N/A,San Antonio,110,Mercedes St,San Antonio,78207,Bexar County,771,140,21960,7719,1,rooftop,TX,29.405431,-98.519305,48,48029,4865000,160100,4038,4,480291601004038
66,2017-11-18,9000 block of CR 245,Concepcion,NA,Texas,1,0,N/A,Concepcion,NA,NA,Concepcion,78349,Duval County,NA,NA,NA,NA,0.33,place,TX,27.39517,-98.35577,48,48131,4816300,950500,2272,2,481319505002272
67,2017-11-08,2600 block of FM 418,Kountze,NA,Texas,1,0,N/A,Kountze,NA,NA,Kountze,77625,Hardin County,NA,NA,NA,NA,0.33,place,TX,30.361001,-94.37408,48,48199,4839868,030300,1388,1,481990303001388
68,2017-10-28,5400 block of Wilson Rd,Fort Worth,NA,Texas,1,0,N/A,Fort Worth,5400,Black Dr,Fort Worth,76137,Tarrant County,524,141,38500,16217,1,rooftop,TX,32.853626,-97.269975,48,48439,4827000,110203,1004,1,484391102031004
69,2017-10-17,8000 block of Boone St,Houston,NA,Texas,0,1,N/A,Houston,NA,Belk St,Houston,77087,Harris County,392,87,25469,4498,0.5,street_center,TX,29.694371,-95.313616,48,48201,4835000,332800,1018,1,482013328001018
70,2017-10-03,Whitehurst Dr and Skillman St,Dallas,NA,Texas,1,0,N/A,Dallas,NA,Skillman St,Dallas,75243,Dallas County,NA,NA,NA,NA,1,intersection,TX,32.898621,-96.719107,48,48113,4819000,007811,3003,3,481130078113003
71,2017-09-30,CR 3560,Cleveland (Plum Grove),NA,Texas,1,0,N/A,Cleveland (Plum Grove),NA,S Crk,Houston,77084,Harris County,1593,232,60536,30174,0.9,street_center,TX,29.787011,-95.676332,48,48201,4835000,541700,3005,3,482015417003005
72,2017-09-28,19000 block of Highland,Tornillo,NA,Texas,1,0,N/A,Tornillo,NA,NA,Tornillo,79853,El Paso County,NA,NA,NA,NA,0.33,place,TX,31.440685,-106.076524,48,48141,4873376,010504,1016,1,481410105041016
73,2017-09-26,3700 block of Burning Tree Ln,Garland,NA,Texas,1,0,N/A,Garland,NA,NA,Garland,75040,Dallas County,NA,NA,NA,NA,0.33,place,TX,32.931523,-96.615821,48,48113,4829000,018123,3028,3,481130181233028
74,2017-09-19,5000 block of CR 48,Manvel,NA,Texas,1,0,N/A,Manvel,NA,NA,Manvel,77578,Brazoria County,NA,NA,NA,NA,0.33,place,TX,29.478468,-95.374419,48,48039,4846500,660702,1018,1,480396607021018
75,2017-09-16,Highway 770 North,Saratoga,NA,Texas,0,1,N/A,Saratoga,NA,NA,Saratoga,77585,Hardin County,NA,NA,NA,NA,0.33,place,TX,30.309518,-94.477059,48,48199,4865816,030100,2020,2,481990301002020
76,2017-09-05,500 block of Park Grove Dr,San Antonio,NA,Texas,0,1,N/A,San Antonio,NA,NA,San Antonio,78201,Bexar County,NA,NA,NA,NA,0.33,place,TX,29.468413,-98.528889,48,48029,4865000,180201,4046,4,480291802014046
77,2017-09-02,3500 block of Parker Rd E,Haltom City,NA,Texas,1,0,N/A,Haltom City,NA,NA,Haltom City,76117,Tarrant County,NA,NA,NA,NA,0.33,place,TX,32.801874,-97.263393,48,48439,4831928,110301,2002,2,484391103012002
78,2017-08-28,9500 block of Timber Trail,Scurry,NA,Texas,1,0,N/A,Scurry,NA,NA,Scurry,75158,Kaufman County,NA,NA,NA,NA,0.33,place,TX,32.463618,-96.384263,48,48257,4866368,051202,1086,1,482570512021086
79,2017-08-10,10806 Cobblecreek Way,Missouri City,NA,Texas,0,1,N/A,Missouri City,10806,Cobblecreek Way,Missouri City,77459,Fort Bend County,4622,293,118807,15278,1,rooftop,TX,29.50339,-95.502091,48,48157,4848804,674502,1090,1,481576745021090
80,2017-08-07,1509 Trigg Ln,Wichita Falls,NA,Texas,1,0,N/A,Wichita Falls,1509,Trigg Ln,Wichita Falls,76306,Wichita County,264,73,43611,36823,1,range_interpolation,TX,33.966502,-98.515026,48,48485,4879000,013200,3009,3,484850132003009
81,2017-08-06,400 block of E San Antonio St,New Braunfels,NA,Texas,0,2,N/A,New Braunfels,NA,NA,New Braunfels,78130,Comal County,NA,NA,NA,NA,0.33,place,TX,29.696878,-98.070726,48,48091,4850820,210507,2008,2,481872105072008
82,2017-08-04,6200 block of Big Valley Dr,San Antonio,NA,Texas,1,0,N/A,San Antonio,NA,NA,San Antonio,78201,Bexar County,NA,NA,NA,NA,0.33,place,TX,29.468413,-98.528889,48,48029,4865000,180201,4046,4,480291802014046
83,2017-07-31,22900 block of Cielo Vista Dr,San Antonio,NA,Texas,0,1,N/A,San Antonio,NA,NA,San Antonio,78201,Bexar County,NA,NA,NA,NA,0.33,place,TX,29.468413,-98.528889,48,48029,4865000,180201,4046,4,480291802014046
84,2017-07-30,4700 block of 6th St,Bacliff,NA,Texas,1,0,N/A,Bacliff,NA,NA,Bacliff,77518,Galveston County,NA,NA,NA,NA,0.33,place,TX,29.50782,-94.98783,48,48167,4805180,721700,2013,2,481677217002013
85,2017-07-22,3100 block of Stag Road,Dallas,NA,Texas,0,1,N/A,Dallas,NA,Bilco St,Dallas,75232,Dallas County,494,104,35500,29452,0.5,street_center,TX,32.679814,-96.850223,48,48113,4819000,011001,4004,4,481130110014004
86,2017-07-21,200 block of Baker,Houston,NA,Texas,0,1,N/A,Houston,NA,Belk St,Houston,77087,Harris County,392,87,25469,4498,0.5,street_center,TX,29.694371,-95.313616,48,48201,4835000,332800,1018,1,482013328001018
87,2017-07-20,19900 block of River Brook Dr,Humble (Atascocita),NA,Texas,1,0,N/A,Humble (Atascocita),NA,NA,Humble,77325,Harris County,NA,NA,NA,NA,0.33,place,TX,29.83399,-95.434241,48,48201,4835348,531700,2004,2,482015317002004
88,2017-07-19,1800 block of Edmund Blvd,San Angelo,NA,Texas,1,0,N/A,San Angelo,NA,NA,San Angelo,76901,Tom Green County,NA,NA,NA,NA,0.33,place,TX,31.44451,-100.533397,48,48451,4864472,001704,2002,2,484510017042002
89,2017-07-19,1300 block of E Garnett,Gainesville,NA,Texas,0,1,N/A,Gainesville,NA,NA,Gainesville,76240,Cooke County,NA,NA,NA,NA,0.33,place,TX,33.654698,-97.158295,48,48097,4827984,000400,1027,1,480970004001027
90,2017-07-06,234 RR 1050,Concan,NA,Texas,0,3,N/A,Concan,NA,NA,Huntington,01050,Hampshire County,NA,NA,NA,NA,0.09,place,MA,42.313427,-72.903677,25,25015,2531750,813000,3016,3,250138130003016
91,2017-07-04,3134 Mission Gate,San Antonio,NA,Texas,1,0,N/A,San Antonio,3134,Mission Gate,San Antonio,78224,Bexar County,589,81,43977,4957,1,rooftop,TX,29.316448,-98.557947,48,48029,4865000,161200,2002,2,480291612002002
92,2017-07-02,600 block of County Rd L,Lamesa,NA,Texas,0,1,N/A,Lamesa,NA,NA,Lamesa,79331,Dawson County,NA,NA,NA,NA,0.33,place,TX,32.715593,-101.937544,48,48115,4841164,950402,1012,1,481159504021012
93,2017-06-26,Amos St,Houston,NA,Texas,0,1,N/A,Houston,NA,Amos St,Houston,77021,Harris County,427,90,20168,7371,1,street_center,TX,29.688531,-95.368251,48,48201,4835000,313800,1014,1,482013138001014
94,2017-06-12,CR 2342,Dayton,NA,Texas,1,0,N/A,Dayton,NA,Arabian Rd,Dayton,77535,Liberty County,531,198,68685,33286,0.7,street_center,TX,30.162469,-94.924821,48,48291,4819432,700800,4003,4,482917008004003
95,2017-06-01,13800 block of Northlake Dr,Houston,NA,Texas,1,0,N/A,Houston,NA,Belk St,Houston,77087,Harris County,392,87,25469,4498,0.5,street_center,TX,29.694371,-95.313616,48,48201,4835000,332800,1018,1,482013328001018
96,2017-05-22,700 block of E. Harris,San Angelo,NA,Texas,0,1,N/A,San Angelo,NA,NA,San Angelo,76901,Tom Green County,NA,NA,NA,NA,0.33,place,TX,31.44451,-100.533397,48,48451,4864472,001704,2002,2,484510017042002
97,2017-05-14,9230 Saint Lo,Houston,NA,Texas,0,1,N/A,Houston,9230,Saint Lo Rd,Houston,77033,Harris County,294,86,34070,5265,1,rooftop,TX,29.648892,-95.341726,48,48201,4835000,331800,2002,2,482013318002002
98,2017-05-12,1601 W 11th Place,Big Spring,NA,Texas,1,0,N/A,Big Spring,1601,W 11th Pl,Big Spring,79720,Howard County,470,103,43611,27088,1,rooftop,TX,32.237175,-101.491977,48,48227,4808236,950400,2001,2,482279504002001
99,2017-05-07,N/A,Palestine,NA,Texas,0,1,N/A,Palestine,NA,NA,Palestine,75801,Anderson County,NA,NA,NA,NA,1,place,TX,31.73452,-95.531381,48,48001,4854708,950902,1071,1,480019509021071
100,2017-05-05,800 block of Upton St,San Angelo,NA,Texas,0,1,N/A,San Angelo,NA,NA,San Angelo,76901,Tom Green County,NA,NA,NA,NA,0.33,place,TX,31.44451,-100.533397,48,48451,4864472,001704,2002,2,484510017042002
101,2017-04-28,2200 block of S Indiana,Brownsville,NA,Texas,0,1,N/A,Brownsville,NA,NA,Brownsville,78520,Cameron County,NA,NA,NA,NA,0.33,place,TX,25.963264,-97.550453,48,48061,4810768,012507,1021,1,480610125071021
102,2017-04-25,71st St and Utica Ave,Lubbock,NA,Texas,0,1,N/A,Lubbock,NA,71st St,Lubbock,79424,Lubbock County,NA,NA,NA,NA,1,intersection,TX,33.52899,-101.913719,48,48303,4845000,001804,1009,1,483030018041009
103,2017-04-19,1200 W 8th St,Freeport,NA,Texas,1,0,N/A,Freeport,1200,W 8th St,Freeport,77541,Brazoria County,450,170,63668,6340,1,range_interpolation,TX,28.949204,-95.364595,48,48039,4827420,664400,6032,6,480396644006032
104,2017-04-13,21323 Finbury Oaks Lane,Katy,NA,Texas,1,0,N/A,Katy,21323,Finbury Oaks Ln,Katy,77449,Harris County,2471,73,71990,8851,1,rooftop,TX,29.811219,-95.741719,48,48201,4838476,542302,1020,1,482015423021020
105,2017-04-02,1000 block of Vaky St,Corpus Christi,NA,Texas,1,0,N/A,Corpus Christi,NA,NA,Corpus Christi,78401,Nueces County,NA,NA,NA,NA,0.33,place,TX,27.797802,-97.399067,48,48355,4817000,006400,2102,2,483550064002102
106,2017-04-02,24100 block of Acanthus,San Antonio,NA,Texas,0,1,N/A,San Antonio,NA,NA,San Antonio,78201,Bexar County,NA,NA,NA,NA,0.33,place,TX,29.468413,-98.528889,48,48029,4865000,180201,4046,4,480291802014046
107,2017-03-23,200 block of FM 1534,Whitney,NA,Texas,1,0,N/A,Whitney,NA,NA,Northbridge,01534,Worcester County,NA,NA,NA,NA,0.09,place,MA,42.15148,-71.64951,25,25027,2546890,750300,1042,1,250277503001042
108,2017-03-23,800 block of W Green Ave,Killeen,NA,Texas,1,0,N/A,Killeen,NA,NA,Killeen,76540,Bell County,NA,NA,NA,NA,0.33,place,TX,31.085833,-97.357099,48,48027,4839148,021000,4001,4,480270210004001
109,2017-03-22,4002 Corder St,Houston,NA,Texas,2,0,N/A,Houston,4002,Corder St,Houston,77021,Harris County,603,125,18295,11291,1,rooftop,TX,29.6844,-95.362365,48,48201,4835000,313600,2015,2,482013136002015
110,2017-03-22,400 Block of Hardy Circle,El Paso,NA,Texas,1,0,N/A,El Paso,NA,NA,El Paso,79901,El Paso County,NA,NA,NA,NA,0.33,place,TX,31.763608,-106.484592,48,48141,4824000,002100,1005,1,481410021001005
111,2017-03-17,4860 SW Loop 820,Fort Worth,NA,Texas,0,2,N/A,Fort Worth,4860,SW Loop 820,Fort Worth,76109,Tarrant County,818,143,96827,50459,1,range_interpolation,TX,32.683253,-97.396696,48,48439,4827000,105405,3092,3,484391054053092
112,2017-03-16,N/A,Fort Worth,NA,Texas,0,1,N/A,Fort Worth,NA,NA,Fort Worth,76101,Tarrant County,NA,NA,NA,NA,1,place,TX,32.771419,-97.291484,48,48439,4827000,101202,3005,3,484391012023005
113,2017-03-12,700 block of Hatton Hill Lane,Austin,NA,Texas,0,1,N/A,Austin,NA,NA,Austin,73301,Travis County,NA,NA,NA,NA,0.33,place,TX,30.326374,-97.771258,48,48453,4805000,000102,1006,1,484530001021006
114,2017-03-10,21300 block of Greenham Dr.,Spring,NA,Texas,1,0,N/A,Spring,NA,NA,Spring,77373,Harris County,NA,NA,NA,NA,0.33,place,TX,30.062169,-95.383966,48,48201,4869596,241101,1013,1,482012411011013
115,2017-01-02,1600 Block of North 8th Street,Lamesa,NA,Texas,0,1,N/A,Lamesa,NA,NA,Lamesa,79331,Dawson County,NA,NA,NA,NA,0.33,place,TX,32.715593,-101.937544,48,48115,4841164,950402,1012,1,481159504021012
116,2016-12-31,4235 Oak Shadows,Houston,NA,Texas,1,0,N/A,Houston,4235,Oak Shadows Dr,Houston,77091,Harris County,704,96,41603,6351,1,rooftop,TX,29.84351,-95.450728,48,48201,4835000,531900,1010,1,482015319001010
117,2016-12-29,500 block of FM 843,Lufkin,NA,Texas,0,1,N/A,Lufkin,NA,NA,Lufkin,75901,Angelina County,NA,NA,NA,NA,0.33,place,TX,31.301706,-94.641414,48,48005,4845072,001100,2010,2,480050011002010
118,2016-12-17,9th Street and Colcord Avenue,Waco,NA,Texas,0,1,N/A,Waco,NA,Colcord Ave,Waco,76707,McLennan County,NA,NA,NA,NA,0.8,intersection,TX,31.561937,-97.145386,48,48309,4876000,001200,1001,1,483090012001001
119,2016-12-12,700 Dominik Drive,College Station,NA,Texas,0,1,N/A,College Station,700,Dominik Dr,College Station,77840,Brazos County,432,143,14375,6919,1,rooftop,TX,30.622384,-96.316395,48,48041,4815976,001303,3003,3,480410013033003
120,2016-11-28,406 W Martinez St,Del Rio,NA,Texas,2,0,N/A,Del Rio,406,W Martinez St,Del Rio,78840,Val Verde County,277,83,23304,15274,1,range_interpolation,TX,29.354041,-100.879927,48,48465,4819792,950602,2060,2,484659506022060
121,2016-10-21,Central Park Lane,College Station,NA,Texas,0,1,N/A,College Station,NA,Central Park Ln,College Station,77840,Brazos County,643,119,22241,11915,1,street_center,TX,30.612014,-96.291865,48,48041,4815976,001702,2005,2,480410017022005
122,2016-10-03,1416 Meadowlane Terrace,Fort Worth,NA,Texas,0,1,N/A,Fort Worth,1416,Meadowlane Ter,Fort Worth,76112,Tarrant County,498,146,49926,11609,1,range_interpolation,TX,32.758843,-97.203744,48,48439,4827000,106503,1026,1,484391065031026
123,2016-09-29,3712 North Elm Street,Fort Worth,NA,Texas,1,0,N/A,Fort Worth,3712,N Elm St,Fort Worth,76106,Tarrant County,552,89,42679,6701,1,rooftop,TX,32.811353,-97.343472,48,48439,4827000,100202,1008,1,484391002021008
124,2016-09-16,N/A,NA,Harris,Texas,0,1,N/A,Harris (county),NA,NA,NA,NA,NA,NA,NA,NA,NA,1,state,TX,31.434703,-99.281824,NA,NA,NA,NA,NA,NA,NA
125,2016-09-12,1200 block of Susan Avenue,Fort Worth,NA,Texas,0,1,N/A,Fort Worth,NA,NA,Fort Worth,76101,Tarrant County,NA,NA,NA,NA,0.33,place,TX,32.771419,-97.291484,48,48439,4827000,101202,3005,3,484391012023005
126,2016-09-08,704 West Sul Ross Ave,Alpine,NA,Texas,1,2,N/A,Alpine,704,W Sul Ross Ave,Alpine,79830,Brewster County,903,170,40711,9944,1,rooftop,TX,30.357047,-103.668628,48,48043,4802104,950300,2146,2,480439503002146
127,2016-09-06,200 Bowser Cir,Terrell,NA,Texas,0,1,N/A,Terrell,200,Bowser,Terrell,75160,Kaufman County,385,99,18173,10835,1,rooftop,TX,32.735308,-96.28658,48,48257,4872284,050500,2011,2,482570505002011
128,2016-09-05,200 block of Los Ranchitos,San Benito,NA,Texas,1,0,N/A,San Benito,NA,NA,San Benito,78586,Cameron County,NA,NA,NA,NA,0.33,place,TX,26.152353,-97.53175,48,48061,4865036,012200,2052,2,480610122002052
129,2016-08-27,500 block of Doherty Street,San Benito,NA,Texas,1,0,N/A,San Benito,NA,NA,San Benito,78586,Cameron County,NA,NA,NA,NA,0.33,place,TX,26.152353,-97.53175,48,48061,4865036,012200,2052,2,480610122002052
130,2016-08-07,300 block of Breckenridge Street,Texarkana,NA,Texas,0,1,N/A,Texarkana,NA,NA,Texarkana,75501,Bowie County,NA,NA,NA,NA,0.33,place,TX,33.411321,-94.177354,48,48037,4872368,011200,1089,1,480370112001089
131,2016-07-31,300 block of De Haven St,Houston,NA,Texas,1,0,N/A,Houston,NA,Belk St,Houston,77087,Harris County,392,87,25469,4498,0.5,street_center,TX,29.694371,-95.313616,48,48201,4835000,332800,1018,1,482013328001018
132,2016-07-28,4000 block of East Texas 6,Alvin,NA,Texas,0,1,N/A,Alvin,NA,NA,Alvin,77511,Brazoria County,NA,NA,NA,NA,0.33,place,TX,29.380858,-95.241857,48,48039,4802272,661602,2017,2,480396616022017
133,2016-07-27,3600 block of Hulen Park Circle,Fort Worth,NA,Texas,0,1,N/A,Fort Worth,NA,NA,Fort Worth,76101,Tarrant County,NA,NA,NA,NA,0.33,place,TX,32.771419,-97.291484,48,48439,4827000,101202,3005,3,484391012023005
134,2016-07-26,9700 block of Shady Tree Ln,Houston,NA,Texas,1,0,N/A,Houston,NA,Belk St,Houston,77087,Harris County,392,87,25469,4498,0.5,street_center,TX,29.694371,-95.313616,48,48201,4835000,332800,1018,1,482013328001018
135,2016-07-26,3600 block of Callaghan Road,San Antonio,NA,Texas,1,0,N/A,San Antonio,NA,NA,San Antonio,78201,Bexar County,NA,NA,NA,NA,0.33,place,TX,29.468413,-98.528889,48,48029,4865000,180201,4046,4,480291802014046
136,2016-07-20,N/A,Texas City,NA,Texas,0,1,N/A,Texas City,NA,NA,Texas City,77590,Galveston County,NA,NA,NA,NA,1,place,TX,29.376057,-94.921474,48,48167,4872392,726200,1280,1,481677262001280
137,2016-07-19,3400 block of Oxford,Alvin,NA,Texas,1,0,N/A,Alvin,3308,Black Ln,Pearland,77584,Brazoria County,1343,338,50029,18997,0.6,nearest_rooftop_match,TX,29.547019,-95.335378,48,48039,4856348,660701,2013,2,480396607012013
138,2016-07-15,Sageland Drive,Houston,NA,Texas,1,0,N/A,Houston,NA,Sageland Dr,Houston,77089,Harris County,491,97,71853,14621,1,street_center,TX,29.599886,-95.20962,48,48201,4835000,350400,1022,1,482013504001022
139,2016-07-11,Monica Drive,NA,Marion,Texas,1,0,N/A,Marion (county),NA,NA,NA,NA,NA,NA,NA,NA,NA,0,NA,NA,0,0,NA,NA,NA,NA,NA,NA,NA
140,2016-07-08,2600 block of S.W 8th Avenue,Mineral Wells,NA,Texas,1,0,N/A,Mineral Wells,NA,NA,Mineral Wells,76067,Palo Pinto County,NA,NA,NA,NA,0.33,place,TX,32.799602,-98.126806,48,48363,4848684,000900,1016,1,483630009001016
141,2016-07-02,3100 block of MacArthur Drive,Waco,NA,Texas,0,1,N/A,Waco,NA,NA,Waco,76701,McLennan County,NA,NA,NA,NA,0.33,place,TX,31.552011,-97.1382,48,48309,4876000,000100,2055,2,483090001002055
142,2016-06-28,8600 block of Star Creek Drive,San Antonio,NA,Texas,1,0,N/A,San Antonio,NA,NA,San Antonio,78201,Bexar County,NA,NA,NA,NA,0.33,place,TX,29.468413,-98.528889,48,48029,4865000,180201,4046,4,480291802014046
143,2016-05-17,Pipkin Street,Beaumont,NA,Texas,0,1,N/A,Beaumont,NA,Pipkin St,Beaumont,77705,Jefferson County,253,89,51445,17858,1,street_center,TX,30.050664,-94.092641,48,48245,4807000,002400,2017,2,482450024002017
144,2016-05-02,3606 South Westmoreland Road,Dallas,NA,Texas,0,1,N/A,Dallas,3606,S Westmoreland Rd,Dallas,75233,Dallas County,471,110,79143,4903,1,rooftop,TX,32.698242,-96.876399,48,48113,4819000,010803,6016,6,481130108036016
145,2016-04-24,1900 block of 46th Street,Lubbock,NA,Texas,0,1,N/A,Lubbock,NA,NA,Lubbock,79401,Lubbock County,NA,NA,NA,NA,0.33,place,TX,33.588771,-101.850445,48,48303,4845000,000700,1124,1,483030007001124
146,2016-04-22,4200 block of Troy Lane,Arlington,NA,Texas,0,1,N/A,Arlington,NA,NA,Arlington,76001,Tarrant County,NA,NA,NA,NA,0.33,place,TX,32.635563,-97.148829,48,48439,4804000,111409,1000,1,484391114091000
147,2016-04-16,Roth Forest Lane,Spring,NA,Texas,0,1,N/A,Spring,NA,Roth Forest Ln,Spring,77389,Harris County,1509,213,83914,22394,1,street_center,TX,30.095867,-95.4977,48,48201,4869596,555200,1012,1,482015552001012
148,2016-04-13,1200 block of County Road 304,Bertram,NA,Texas,0,1,N/A,Bertram,NA,Black Rd,Bertram,78605,Burnet County,609,139,48365,18354,0.6,street_center,TX,30.879196,-97.949115,48,48053,4807864,960100,1390,1,480539601001390
149,2016-03-25,5751 Green Hill Road,San Angelo,NA,Texas,0,1,N/A,San Angelo,5751,Green Hill Rd,San Angelo,76901,Tom Green County,1256,177,66250,18532,1,rooftop,TX,31.445494,-100.500849,48,48451,4864472,001101,1058,1,484510011011058
150,2016-03-19,300 block of Anderson County Road 1370,Palestine,NA,Texas,1,0,N/A,Palestine,NA,NA,Shelburne Falls,01370,Franklin County,NA,NA,NA,NA,0.09,place,MA,42.588812,-72.758781,25,25011,2561205,041502,2047,2,250110415022047
151,2016-03-19,1400 block of 12th Street,Levelland,NA,Texas,0,1,N/A,Levelland,NA,NA,Levelland,79336,Hockley County,NA,NA,NA,NA,0.33,place,TX,33.606901,-102.345939,48,48219,4842448,950200,2168,2,482199502002168
152,2016-03-14,County Road 3825,Bridgeport,NA,Texas,1,0,N/A,Bridgeport,NA,NA,Barrington,03825,Strafford County,NA,NA,NA,NA,0.09,place,NH,43.22286,-71.04701,33,33017,3303380,085000,2000,2,330170850002000
153,2016-03-12,210 Stone Avenue,Paris,NA,Texas,1,0,N/A,Paris,210,Stone,Paris,75462,Lamar County,218,95,25616,5311,1,rooftop,TX,33.690672,-95.552899,48,48277,4855080,000500,1021,1,482770005001021
154,2016-03-01,6300 block of Hanley Drive,Corpus Christi,NA,Texas,1,0,N/A,Corpus Christi,NA,NA,Corpus Christi,78401,Nueces County,NA,NA,NA,NA,0.33,place,TX,27.797802,-97.399067,48,48355,4817000,006400,2102,2,483550064002102
155,2016-02-16,2538 71st St,Lubbock,NA,Texas,1,0,N/A,Lubbock,2538,71st St,Lubbock,79413,Lubbock County,528,130,48824,14706,1,rooftop,TX,33.530357,-101.874456,48,48303,4845000,002101,3019,3,483030021013019
156,2016-02-09,3300 block of Rock Creek Run,San Antonio,NA,Texas,0,1,N/A,San Antonio,NA,NA,San Antonio,78201,Bexar County,NA,NA,NA,NA,0.33,place,TX,29.468413,-98.528889,48,48029,4865000,180201,4046,4,480291802014046
157,2016-02-06,17437 Adams Trail,Forney,NA,Texas,0,1,N/A,Forney,17437,Adams Trl,Forney,75126,Kaufman County,659,96,103523,18325,1,rooftop,TX,32.812456,-96.449602,48,48257,4826604,050205,1007,1,482570502051007
158,2016-02-05,5200 block of Indian Springs Drive,Temple,NA,Texas,0,1,N/A,Temple,NA,NA,Temple,76501,Bell County,NA,NA,NA,NA,0.33,place,TX,31.068306,-97.3047,48,48027,4872176,020800,1021,1,480270208001021
159,2016-02-04,5200 block of Indian Springs Road,Temple (Moffatt),NA,Texas,0,1,N/A,Temple (Moffatt),NA,NA,Temple,76501,Bell County,NA,NA,NA,NA,0.33,place,TX,31.068306,-97.3047,48,48027,4872176,020800,1021,1,480270208001021
160,2016-01-27,900 block of Ruben Torres Boulevard,Brownsville,NA,Texas,0,1,N/A,Brownsville,NA,NA,Brownsville,78520,Cameron County,NA,NA,NA,NA,0.33,place,TX,25.963264,-97.550453,48,48061,4810768,012507,1021,1,480610125071021
161,2016-01-25,4100 block of Tumbleweed,Baytown,NA,Texas,2,0,N/A,Baytown,NA,NA,Baytown,77520,Harris County,NA,NA,NA,NA,0.33,place,TX,29.733283,-94.994123,48,48201,4806128,254500,1077,1,482012545001077
162,2016-01-19,15400 block of Redbud Berry Way,Cypress,NA,Texas,1,0,N/A,Cypress,NA,NA,Cypress,77410,Harris County,NA,NA,NA,NA,0.33,place,TX,29.83399,-95.434241,48,48201,4818356,531700,2004,2,482015317002004
163,2016-01-16,3600 block of Beheler Road,Elm Mott,NA,Texas,0,1,N/A,Elm Mott,NA,NA,Elm Mott,76640,McLennan County,NA,NA,NA,NA,0.33,place,TX,31.699922,-97.11457,48,48309,4823344,003400,2022,2,483090034002022
164,2016-01-16,5203 Dumfries Drive,Houston,NA,Texas,1,0,N/A,Houston,5203,Dumfries Dr,Houston,77096,Harris County,702,83,129167,15579,1,rooftop,TX,29.671065,-95.470957,48,48201,4835000,420700,3012,3,482014207003012
165,2016-01-03,30706 Eastridge Drive,Spring,NA,Texas,0,1,N/A,Spring,30706,Eastridge Dr,Spring,77386,Montgomery County,2940,502,122205,16668,1,rooftop,TX,30.13618,-95.3988,48,48339,4869596,692001,1013,1,483396920011013
166,2015-12-24,123 Old Chigger Trail,Fort Worth (Watauga),NA,Texas,0,1,N/A,Fort Worth (Watauga),NA,NA,Fort Worth,76101,Tarrant County,NA,NA,NA,NA,0.33,place,TX,32.771419,-97.291484,48,48439,4827000,101202,3005,3,484391012023005
167,2015-12-19,10633 Strickland,Houston,NA,Texas,0,1,N/A,Houston,10633,Strickland St,Houston,77093,Harris County,573,42,42107,12302,1,rooftop,TX,29.86801,-95.33445,48,48201,4835000,222000,1018,1,482012220001018
168,2015-12-14,900 block of East Scott Street,Gainesville,NA,Texas,0,1,N/A,Gainesville,NA,NA,Gainesville,76240,Cooke County,NA,NA,NA,NA,0.33,place,TX,33.654698,-97.158295,48,48097,4827984,000400,1027,1,480970004001027
169,2015-12-10,5300 block of West Gulf Bank,Houston,NA,Texas,0,1,N/A,Houston,NA,Belk St,Houston,77087,Harris County,392,87,25469,4498,0.5,street_center,TX,29.694371,-95.313616,48,48201,4835000,332800,1018,1,482013328001018
170,2015-12-10,8300 block of Shoal Creek,San Antonio,NA,Texas,0,1,N/A,San Antonio,NA,NA,San Antonio,78201,Bexar County,NA,NA,NA,NA,0.33,place,TX,29.468413,-98.528889,48,48029,4865000,180201,4046,4,480291802014046
171,2015-12-10,300 block of Madrid,Universal City,NA,Texas,1,0,N/A,Universal City,NA,NA,Universal City,78148,Bexar County,NA,NA,NA,NA,0.33,place,TX,29.543813,-98.295356,48,48029,4874408,121601,4008,4,480291216014008
172,2015-12-09,4900 block of South Buckner Boulevard,Dallas,NA,Texas,1,0,N/A,Dallas,NA,Bilco St,Dallas,75232,Dallas County,494,104,35500,29452,0.5,street_center,TX,32.679814,-96.850223,48,48113,4819000,011001,4004,4,481130110014004
173,2015-12-03,Farm to Market 2050 Rd,NA,Webb,Texas,1,0,N/A,Webb (county),NA,NA,Marshfield,02050,Plymouth County,NA,NA,NA,NA,0.27,place,MA,42.111805,-70.710744,25,25023,2538820,506101,4006,4,250235061014006
174,2015-11-21,18000 block of Yaupon Tr,Humble (Atascocita),NA,Texas,1,0,N/A,Humble (Atascocita),NA,NA,Humble,77325,Harris County,NA,NA,NA,NA,0.33,place,TX,29.83399,-95.434241,48,48201,4835348,531700,2004,2,482015317002004
175,2015-11-19,N/A,NA,Lubbock,Texas,0,1,N/A,Lubbock (county),NA,NA,NA,NA,NA,NA,NA,NA,NA,1,state,TX,31.434703,-99.281824,NA,NA,NA,NA,NA,NA,NA
176,2015-11-12,Neely Avenue,Midland,NA,Texas,0,1,N/A,Midland,NA,Neely Ave,Midland,79705,Midland County,371,79,104781,34450,1,street_center,TX,32.015613,-102.109958,48,48329,4848072,000303,2001,2,483290003032001
177,2015-11-11,619 BIshop Drive,Killeen,NA,Texas,0,1,N/A,Killeen,619,Bishop Dr,Killeen,76541,Bell County,463,115,19625,12842,1,rooftop,TX,31.112331,-97.729598,48,48027,4839148,022900,1032,1,480270229001032
178,2015-10-30,3280 Central Mall Blvd.,Port Arthur,NA,Texas,0,1,N/A,Port Arthur,3280,Central Mall Dr,Port Arthur,77642,Jefferson County,1610,235,45938,10000,1,range_interpolation,TX,29.946,-93.986135,48,48245,4858820,007001,3060,3,482450070013060
179,2015-10-24,4600 block of Sorita Street,Mission,NA,Texas,0,1,N/A,Mission,NA,Blake St,Mission,78572,Hidalgo County,526,153,36455,10297,0.5,street_center,TX,26.22297,-98.336739,48,48215,4848768,020205,2005,2,482150202052005
180,2015-10-23,Canterbury Drive,San Antonio,NA,Texas,0,1,N/A,San Antonio,NA,Canterbury Hill St,San Antonio,78209,Bexar County,407,119,196705,82275,0.6,street_center,TX,29.481807,-98.447348,48,48029,4865000,120400,5021,5,480291204005021
181,2015-09-28,3300 block of South Alameda Street,Corpus Christi,NA,Texas,0,1,N/A,Corpus Christi,NA,NA,Corpus Christi,78401,Nueces County,NA,NA,NA,NA,0.33,place,TX,27.797802,-97.399067,48,48355,4817000,006400,2102,2,483550064002102
182,2015-09-27,N/A,Pollok,NA,Texas,0,1,N/A,Pollok,NA,NA,Pollok,75969,Angelina County,NA,NA,NA,NA,1,place,TX,31.440245,-94.869754,48,48005,4858604,000101,1047,1,480050001011047
183,2015-09-23,1700 block of South Hamilton Street,San Antonio,NA,Texas,1,0,N/A,San Antonio,NA,NA,San Antonio,78201,Bexar County,NA,NA,NA,NA,0.33,place,TX,29.468413,-98.528889,48,48029,4865000,180201,4046,4,480291802014046
184,2015-09-13,2700 block of Faircrest Drive,Rockwall,NA,Texas,0,1,N/A,Rockwall,NA,NA,Rockwall,75032,Rockwall County,NA,NA,NA,NA,0.33,place,TX,32.886,-96.409502,48,48397,4862828,040505,4059,4,483970405054059
185,2015-08-21,Shadow Circle,New Braunfels,NA,Texas,0,1,N/A,New Braunfels,NA,Shadow Cir,New Braunfels,78130,Comal County,616,94,52849,13871,1,street_center,TX,29.682903,-98.112042,48,48091,4850820,310404,1029,1,480913104041029
186,2015-08-20,5600 block of Shallow Run,Fort Worth (Benbrook),NA,Texas,1,0,N/A,Fort Worth (Benbrook),NA,NA,Fort Worth,76101,Tarrant County,NA,NA,NA,NA,0.33,place,TX,32.771419,-97.291484,48,48439,4827000,101202,3005,3,484391012023005
187,2015-08-18,1802 Beacon Street,San Angelo,NA,Texas,0,1,N/A,San Angelo,1802,Beacon St,San Angelo,76905,Tom Green County,474,97,33864,7328,1,rooftop,TX,31.477369,-100.409398,48,48451,4864472,000300,2006,2,484510003002006
188,2015-08-03,2500 block of North Eastman Road,Longview,NA,Texas,1,0,N/A,Longview,NA,NA,Longview,75601,Gregg County,NA,NA,NA,NA,0.33,place,TX,32.517846,-94.730285,48,48183,4843888,000300,4002,4,481830003004002
189,2015-07-30,8442 Tavenor Lane,Houston,NA,Texas,1,0,N/A,Houston,8442,Tavenor Ln,Houston,77075,Harris County,641,67,47163,10050,1,rooftop,TX,29.629808,-95.267052,48,48201,4835000,333700,1019,1,482013337001019
190,2015-07-24,2200 block of 37th Street,Galveston,NA,Texas,0,1,N/A,Galveston,NA,NA,Galveston,77550,Galveston County,NA,NA,NA,NA,0.33,place,TX,29.310535,-94.775768,48,48167,4828068,724300,1022,1,481677243001022
191,2015-07-23,6th Street and Louisiana,Weslaco,NA,Texas,0,1,N/A,Weslaco,NA,6th St,Santa Rosa,78593,Cameron County,NA,NA,NA,NA,0.39,intersection,TX,26.257111,-97.828376,48,48061,4865768,010301,1029,1,480610103011029
192,2015-07-20,1000 block of Cove Crest Trail,Fresno,NA,Texas,1,0,N/A,Fresno,NA,NA,Fresno,77545,Fort Bend County,NA,NA,NA,NA,0.33,place,TX,29.53602,-95.47063,48,48157,4827540,670902,2010,2,481576709022010
193,2015-07-16,5400 block of War Cloud Drive,San Antonio,NA,Texas,1,0,N/A,San Antonio,NA,NA,San Antonio,78201,Bexar County,NA,NA,NA,NA,0.33,place,TX,29.468413,-98.528889,48,48029,4865000,180201,4046,4,480291802014046
194,2015-07-05,19000 block of Puget Lane,Spring,NA,Texas,1,0,N/A,Spring,NA,NA,Spring,77373,Harris County,NA,NA,NA,NA,0.33,place,TX,30.062169,-95.383966,48,48201,4869596,241101,1013,1,482012411011013
195,2015-07-02,Coit Road,Dallas,NA,Texas,0,1,N/A,Dallas,NA,Coit Rd,Dallas,75240,Dallas County,631,100,32734,12818,1,street_center,TX,32.928335,-96.768954,48,48113,4819000,019208,3009,3,481130192083009
196,2015-06-13,County Road 4010,NA,Wise,Texas,1,0,N/A,Wise (county),NA,NA,Brownfield,04010,Oxford County,NA,NA,NA,NA,0.27,place,ME,43.93813,-70.90868,23,23017,2308080,966800,2026,2,230179668002026
197,2015-06-13,13600 block of North Central Expressway,Dallas,NA,Texas,1,0,N/A,Dallas,NA,Bilco St,Dallas,75232,Dallas County,494,104,35500,29452,0.5,street_center,TX,32.679814,-96.850223,48,48113,4819000,011001,4004,4,481130110014004
198,2015-06-05,11500 Ferguson Road,Dallas,NA,Texas,0,1,N/A,Dallas,11500,Ferguson Rd,Dallas,75228,Dallas County,811,128,34792,8212,1,rooftop,TX,32.853612,-96.654368,48,48113,4819000,012601,3005,3,481130126013005
199,2015-06-04,5615 Leeland,Houston,NA,Texas,1,0,N/A,Houston,5615,Leeland St,Houston,77023,Harris County,468,63,21900,3157,1,rooftop,TX,29.731389,-95.317474,48,48201,4835000,310800,1009,1,482013108001009
200,2015-06-01,6215 Heatherbloom,Houston,NA,Texas,1,0,N/A,Houston,6215,Heatherbloom Dr,Houston,77085,Harris County,513,97,54321,15805,1,rooftop,TX,29.621842,-95.477819,48,48201,4835000,330302,3009,3,482013303023009
201,2015-05-30,500 block of Washington Street,Abilene,NA,Texas,1,0,N/A,Abilene,500,Black St,Abilene,79602,Taylor County,222,92,0,0,1,range_interpolation,TX,32.444371,-99.72381,48,48441,4801000,010900,1021,1,484410109001021
202,2015-04-18,3600 block of Del Mar Court,Killeen,NA,Texas,1,0,N/A,Killeen,NA,NA,Killeen,76540,Bell County,NA,NA,NA,NA,0.33,place,TX,31.085833,-97.357099,48,48027,4839148,021000,4001,4,480270210004001
203,2015-04-13,1100 block of Olive St,Texarkana,NA,Texas,0,1,N/A,Texarkana,NA,NA,Texarkana,75501,Bowie County,NA,NA,NA,NA,0.33,place,TX,33.411321,-94.177354,48,48037,4872368,011200,1089,1,480370112001089
204,2015-04-10,11290 Fondren,Houston,NA,Texas,1,0,N/A,Houston,11290,Fondren Rd,Houston,77096,Harris County,1084,221,32173,5782,1,range_interpolation,TX,29.656156,-95.508571,48,48201,4835000,423302,2027,2,482014233022027
205,2015-03-19,14425 Alief Clodine Rd,Houston,NA,Texas,1,0,N/A,Houston,14425,Alief Clodine Rd,Houston,77082,Harris County,914,217,21184,12494,0.9,range_interpolation,TX,29.710911,-95.64356,48,48201,4835000,452600,1000,1,482014526001000
206,2015-03-19,6301 Sierra Blanca,Houston,NA,Texas,1,0,N/A,Houston,6301,Sierra Blanca Dr,Houston,77083,Harris County,914,217,21184,12494,1,rooftop,TX,29.710911,-95.639306,48,48201,4835000,452600,1008,1,482014526001008
207,2015-03-05,2300 block of Northeast 37th St.,Fort Worth,NA,Texas,0,1,N/A,Fort Worth,NA,NA,Fort Worth,76101,Tarrant County,NA,NA,NA,NA,0.33,place,TX,32.771419,-97.291484,48,48439,4827000,101202,3005,3,484391012023005
208,2015-03-02,16800 block of Faring Road,Houston,NA,Texas,0,1,N/A,Houston,NA,Belk St,Houston,77087,Harris County,392,87,25469,4498,0.5,street_center,TX,29.694371,-95.313616,48,48201,4835000,332800,1018,1,482013328001018
209,2015-03-01,1900 block of Imperial Stone Dr.,Houston,NA,Texas,1,0,N/A,Houston,NA,Belk St,Houston,77087,Harris County,392,87,25469,4498,0.5,street_center,TX,29.694371,-95.313616,48,48201,4835000,332800,1018,1,482013328001018
210,2015-02-27,7400 block of Betanna,Houston,NA,Texas,1,0,N/A,Houston,NA,Belk St,Houston,77087,Harris County,392,87,25469,4498,0.5,street_center,TX,29.694371,-95.313616,48,48201,4835000,332800,1018,1,482013328001018
211,2015-02-26,3900 block of Plymouth Drive,Garland,NA,Texas,1,0,N/A,Garland,NA,NA,Garland,75040,Dallas County,NA,NA,NA,NA,0.33,place,TX,32.931523,-96.615821,48,48113,4829000,018123,3028,3,481130181233028
212,2015-02-07,5900 block of Highland Village Dr.,Dallas,NA,Texas,1,0,N/A,Dallas,NA,Bilco St,Dallas,75232,Dallas County,494,104,35500,29452,0.5,street_center,TX,32.679814,-96.850223,48,48113,4819000,011001,4004,4,481130110014004
213,2015-02-07,5800 block of Midcrown Drive,San Antonio,NA,Texas,0,1,N/A,San Antonio,NA,NA,San Antonio,78201,Bexar County,NA,NA,NA,NA,0.33,place,TX,29.468413,-98.528889,48,48029,4865000,180201,4046,4,480291802014046
214,2015-01-21,County Road 381,Medina County,NA,Texas,0,1,N/A,Medina County,NA,NA,Medina,78055,Bandera County,NA,NA,NA,NA,1,place,TX,29.79661,-99.24643,48,48019,4847400,000200,1308,1,480190002001308
215,2015-01-17,Douglas Avenue,Colleyville,NA,Texas,0,1,N/A,Colleyville,NA,Douglas Ave,Colleyville,76034,Tarrant County,1933,196,187480,37727,1,street_center,TX,32.905477,-97.143446,48,48439,4815988,113610,1062,1,484391136101062
216,2015-01-07,County Road 3823,Medina County,NA,Texas,0,1,N/A,Medina County,NA,NA,Medina,78055,Bandera County,NA,NA,NA,NA,1,place,TX,29.79661,-99.24643,48,48019,4847400,000200,1308,1,480190002001308
217,2014-12-31,N/A,Navasota,NA,Texas,0,1,N/A,Navasota,NA,NA,Navasota,77868,Grimes County,NA,NA,NA,NA,1,place,TX,30.383369,-96.008619,48,48185,4850472,180200,4053,4,481851802004053
218,2014-12-30,FM 1409 and County Road 460,Dayton,NA,Texas,0,1,N/A,Dayton,NA,FM 1409,Dayton,77535,Liberty County,585,182,48860,24887,1,street_center,TX,29.921478,-94.830842,48,48291,4819432,701100,1019,1,482917011001019
219,2014-12-22,Johnson Ranch Road and County Road 4016,Kaufman County,NA,Texas,0,1,N/A,Kaufman County,NA,NA,Kaufman,75142,Kaufman County,NA,NA,NA,NA,0.33,place,TX,32.581306,-96.265477,48,48257,4838488,051100,2000,2,482570511002000
220,2014-12-05,800 Kern Rd,Killeen,NA,Texas,0,1,N/A,Killeen,800,W Kern Rd,Killeen,76541,Bell County,325,82,29858,7502,0.9,range_interpolation,TX,31.132300999999998,-97.733322,48,48027,4839148,022801,1006,1,480270228011006
221,2014-12-04,1200 block of Golden View Court,Arlington,NA,Texas,1,0,N/A,Arlington,NA,NA,Arlington,76001,Tarrant County,NA,NA,NA,NA,0.33,place,TX,32.635563,-97.148829,48,48439,4804000,111409,1000,1,484391114091000
222,2014-11-30,4702 West Magnum Rd.,Houston,NA,Texas,0,1,N/A,Houston,NA,NA,Houston,77001,Harris County,NA,NA,NA,NA,0.33,place,TX,29.813142,-95.309789,48,48201,4835000,230200,1000,1,482012302001000
223,2014-11-29,4700 block of West Mangum Road,Houston,NA,Texas,0,1,N/A,Houston,NA,Belk St,Houston,77087,Harris County,392,87,25469,4498,0.5,street_center,TX,29.694371,-95.313616,48,48201,4835000,332800,1018,1,482013328001018
224,2014-11-29,N/A,Rice,NA,Texas,0,1,N/A,Rice,NA,NA,Rice,75155,Ellis County,NA,NA,NA,NA,1,place,TX,32.24376,-96.4986,48,48139,4861736,970100,2103,2,483499701002103
225,2014-11-28,N/A,Childress,NA,Texas,1,0,N/A,Childress,NA,NA,Childress,79201,Childress County,NA,NA,NA,NA,1,place,TX,34.4104,-100.236376,48,48075,4814668,950100,1607,1,480759501001607
226,2014-11-25,4302 Falcon Meadow,Katy,NA,Texas,1,0,N/A,Katy,4302,Falcon Meadow Dr,Katy,77449,Harris County,2817,388,62005,4383,1,rooftop,TX,29.834361,-95.704116,48,48201,4838476,542101,2053,2,482015421012053
227,2014-11-25,N/A,Hale County,NA,Texas,0,1,N/A,Hale County,NA,NA,Hull,77564,Liberty County,NA,NA,NA,NA,0.67,place,TX,30.14632,-94.64242,48,48291,4835324,701300,1051,1,482917013001051
228,2014-11-24,400 block of East Thomas Street,Atlanta,NA,Texas,1,0,N/A,Atlanta,NA,NA,Atlanta,75551,Cass County,NA,NA,NA,NA,0.33,place,TX,33.08447,-94.242023,48,48067,4804516,950100,5038,5,480679501005038
229,2014-11-22,Texas County Road 4070,Woodville,NA,Texas,1,0,N/A,Woodville,NA,NA,Scarborough,04070,Cumberland County,NA,NA,NA,NA,0.27,place,ME,43.576983,-70.273642,23,23005,2366110,017304,4000,4,230050173044000
230,2014-10-19,3800 block of Reynosa Street,Corpus Christi,NA,Texas,1,0,N/A,Corpus Christi,NA,NA,Corpus Christi,78401,Nueces County,NA,NA,NA,NA,0.33,place,TX,27.797802,-97.399067,48,48355,4817000,006400,2102,2,483550064002102
231,2014-09-26,Force and Crown,Houston,NA,Texas,1,0,N/A,Houston,NA,Crown St,Houston,77020,Harris County,NA,NA,NA,NA,0.8,intersection,TX,29.786322,-95.293348,48,48201,4835000,211900,3006,3,482012119003006
232,2014-09-24,325 Pruitt Ave.,San Antonio,NA,Texas,0,0,N/A,San Antonio,325,Pruitt,San Antonio,78204,Bexar County,331,79,38953,8844,1,rooftop,TX,29.399562,-98.507585,48,48029,4865000,150100,3007,3,480291501003007
233,2014-09-05,200 block of Moonshine Hill,Humble,NA,Texas,0,1,N/A,Humble,NA,NA,Humble,77325,Harris County,NA,NA,NA,NA,0.33,place,TX,29.83399,-95.434241,48,48201,4835348,531700,2004,2,482015317002004
234,2014-08-24,4200 block of Southwest Loop 410,San Antonio,NA,Texas,1,0,N/A,San Antonio,NA,NA,San Antonio,78201,Bexar County,NA,NA,NA,NA,0.33,place,TX,29.468413,-98.528889,48,48029,4865000,180201,4046,4,480291802014046
235,2014-08-21,Mountain View Lane,Pipe Creek,NA,Texas,0,1,N/A,Pipe Creek,NA,Mountain View Ln,Pipecreek,78063,Bandera County,501,143,63807,33902,1,street_center,TX,29.723703,-98.876538,48,48019,4857860,000102,3110,3,480190001023110
236,2014-08-14,4600 East Houston St.,San Antonio,NA,Texas,1,0,N/A,San Antonio,4600,E Houston St,San Antonio,78220,Bexar County,972,129,19936,3992,1,range_interpolation,TX,29.423875,-98.403158,48,48029,4865000,131000,1007,1,480291310001007
237,2014-08-13,400 block of S. Pine St.,San Antonio,NA,Texas,0,1,N/A,San Antonio,NA,NA,San Antonio,78201,Bexar County,NA,NA,NA,NA,0.33,place,TX,29.468413,-98.528889,48,48029,4865000,180201,4046,4,480291802014046
238,2014-08-10,1100 S Seventh,Conroe,NA,Texas,0,1,N/A,Conroe,1100,S 7th St,Baytown,77520,Harris County,313,49,44813,22290,1,range_interpolation,TX,29.723889,-94.966178,48,48201,4806128,254200,2024,2,482012542002024
239,2014-08-10,N/A,Texas City,NA,Texas,0,1,N/A,Texas City,NA,NA,Texas City,77590,Galveston County,NA,NA,NA,NA,1,place,TX,29.376057,-94.921474,48,48167,4872392,726200,1280,1,481677262001280
240,2014-08-07,N/A,Texas City,NA,Texas,0,1,N/A,Texas City,NA,NA,Texas City,77590,Galveston County,NA,NA,NA,NA,1,place,TX,29.376057,-94.921474,48,48167,4872392,726200,1280,1,481677262001280
241,2014-08-06,10100 Beechnut St,Houston,NA,Texas,0,2,N/A,Houston,10100,Beechnut St,Houston,77072,Harris County,1051,132,35366,12657,1,rooftop,TX,29.690218,-95.561082,48,48201,4835000,453100,1002,1,482014531001002
242,2014-08-05,600 block of Destin Dr,Fort Worth,NA,Texas,0,1,N/A,Fort Worth,509,Black Dr,Colleyville,76034,Tarrant County,988,150,134231,28173,0.6,nearest_rooftop_match,TX,32.877975,-97.161523,48,48439,4815988,113610,4029,4,484391136104029
243,2014-08-01,N/A,Ector County,NA,Texas,0,1,N/A,Ector County,NA,NA,Ector,75439,Fannin County,NA,NA,NA,NA,1,place,TX,33.57733,-96.27331,48,48147,4822516,950300,3030,3,481479503003030
244,2014-07-31,1600 block of Saunders,Bryan,NA,Texas,1,0,N/A,Bryan,NA,NA,Bryan,77801,Brazos County,NA,NA,NA,NA,0.33,place,TX,30.639285,-96.362454,48,48041,4810912,000900,1016,1,480410009001016
245,2014-07-31,N/A,Bryan,NA,Texas,1,0,N/A,Bryan,NA,NA,Bryan,77801,Brazos County,NA,NA,NA,NA,1,place,TX,30.639285,-96.362454,48,48041,4810912,000900,1016,1,480410009001016
246,2014-07-26,N/A,Belton,NA,Texas,0,1,N/A,Belton,NA,NA,Belton,76513,Bell County,NA,NA,NA,NA,1,place,TX,30.983551,-97.521848,48,48027,4807492,023403,1067,1,480270234031067
247,2014-07-23,Pine and E. Crockett St.,San Antonio,NA,Texas,0,1,N/A,San Antonio,NA,New Aly,San Antonio,78207,Bexar County,771,140,21960,7719,0.5,street_center,TX,29.406571,-98.519286,48,48029,4865000,160100,4039,4,480291601004039
248,2014-07-12,100 Debby Ln,Mineola,NA,Texas,0,1,N/A,Mineola,100,Debby Ln,Mineola,75773,Wood County,427,107,36484,12648,1,rooftop,TX,32.64954,-95.490594,48,48499,4848648,950800,5078,5,484999508005078
249,2014-07-09,FM 1375 E,New Waverly,NA,Texas,0,1,N/A,New Waverly,NA,FM 1375 E,New Waverly,77358,Walker County,398,80,24000,8022,1,street_center,TX,30.539606,-95.480481,48,48471,4851396,790200,5017,5,484717902005017
250,2014-07-05,11400 block of Panay,Houston,NA,Texas,1,0,N/A,Houston,NA,Belk St,Houston,77087,Harris County,392,87,25469,4498,0.5,street_center,TX,29.694371,-95.313616,48,48201,4835000,332800,1018,1,482013328001018
251,2014-07-03,N/A,Dallas,NA,Texas,1,0,N/A,Dallas,NA,NA,Dallas,75201,Dallas County,NA,NA,NA,NA,1,place,TX,32.781179,-96.790329,48,48113,4819000,003101,1026,1,481130031011026
252,2014-07-01,Co Rd 4764,Briar,NA,Texas,0,1,N/A,Briar,NA,Co Rd 4764,Azle,76020,Wise County,797,188,61050,6781,0.9,street_center,TX,33.01593,-97.561908,48,48497,4805168,150601,1033,1,484971506011033
253,2014-06-30,6301 Ranchester,Houston,NA,Texas,1,0,N/A,Houston,6301,Ranchester Dr,Houston,77036,Harris County,472,101,32692,14318,1,range_interpolation,TX,29.710069,-95.545498,48,48201,4835000,433002,1004,1,482014330021004
254,2014-06-27,14678 FM 59,Athens,NA,Texas,0,1,N/A,Athens,NA,FM 59,Athens,75751,Henderson County,783,147,78516,32501,0.6,street_center,TX,32.192005,-95.858446,48,48213,4804504,951300,3031,3,482139513003031
255,2014-06-22,739 West William Cannon Dr,Austin,NA,Texas,1,0,N/A,Austin,739,W William Cannon Dr,Austin,78745,Travis County,1231,83,48423,5152,1,rooftop,TX,30.19741,-97.78989,48,48453,4805000,002424,2001,2,484530024242001
256,2014-06-13,16000 block of US 385,Odessa,NA,Texas,0,1,N/A,Odessa,NA,NA,Odessa,79760,Ector County,NA,NA,NA,NA,0.33,place,TX,31.765163,-102.354346,48,48135,4853388,003000,4081,4,481350030004081
257,2014-06-12,Evanston St,Houston,NA,Texas,0,1,N/A,Houston,NA,Evanston St,Houston,77015,Harris County,723,104,30409,9662,1,street_center,TX,29.785411,-95.183019,48,48201,4835000,233101,2038,2,482012331012038
258,2014-05-24,100 block of Becker St,Boerne,NA,Texas,1,0,N/A,Boerne,NA,NA,Boerne,78006,Kendall County,NA,NA,NA,NA,0.33,place,TX,29.893137,-98.685719,48,48259,4809160,970402,2016,2,482599704022016
259,2014-04-24,Isom Street,Houston,NA,Texas,0,1,N/A,Houston,NA,Isom St,Houston,77039,Harris County,356,93,33516,11952,1,street_center,TX,29.898787,-95.361722,48,48201,4835000,222300,2001,2,482012223002001
260,2014-04-13,9820 North Freeway,Houston,NA,Texas,0,0,N/A,Houston,9820,North Fwy,Houston,77037,Harris County,520,85,30000,11530,1,rooftop,TX,29.906782,-95.411665,48,48201,4835000,222401,2009,2,482012224012009
261,2014-03-13,County Road 2130,Emory,NA,Texas,1,0,N/A,Emory,NA,County Rd,Chelsea,02150,Suffolk County,469,107,63259,9762,0.5,street_center,MA,42.402844,-71.038053,25,25025,2513205,160602,1026,1,250251606021026
262,2014-03-10,County Rd 3144,Corsicana,NA,Texas,1,0,N/A,Corsicana,NA,County Rd,Hillsboro,03244,Hillsborough County,765,152,78375,11758,0.5,street_center,NH,43.163734,-71.950599,33,33011,3335965,025500,3026,3,330110255003026
263,2014-03-01,12800 block of Gotham Dr,Houston,NA,Texas,1,0,N/A,Houston,NA,Belk St,Houston,77087,Harris County,392,87,25469,4498,0.5,street_center,TX,29.694371,-95.313616,48,48201,4835000,332800,1018,1,482013328001018
264,2014-03-01,N/A,Dallas,NA,Texas,0,1,N/A,Dallas,NA,NA,Dallas,75201,Dallas County,NA,NA,NA,NA,1,place,TX,32.781179,-96.790329,48,48113,4819000,003101,1026,1,481130031011026
265,2014-02-27,200 block of Madero,San Antonio,NA,Texas,1,0,N/A,San Antonio,NA,NA,San Antonio,78201,Bexar County,NA,NA,NA,NA,0.33,place,TX,29.468413,-98.528889,48,48029,4865000,180201,4046,4,480291802014046
266,2014-02-14,N/A,Aransas Pass,NA,Texas,0,1,N/A,Aransas Pass,NA,NA,Aransas Pass,78335,San Patricio County,NA,NA,NA,NA,1,place,TX,27.873028,-97.092196,48,48409,4803600,006200,1077,1,483550062001077
267,2014-01-26,1100 block of TX 31,Kilgore,NA,Texas,1,0,N/A,Kilgore,NA,NA,Kilgore,75662,Gregg County,NA,NA,NA,NA,0.33,place,TX,32.410306,-94.793392,48,48183,4839124,010500,1052,1,481830105001052
268,2014-01-25,1100 block of TX-31,Kilgore,NA,Texas,1,0,N/A,Kilgore,NA,NA,Kilgore,75662,Gregg County,NA,NA,NA,NA,0.33,place,TX,32.410306,-94.793392,48,48183,4839124,010500,1052,1,481830105001052
269,2014-01-18,100 block of S. Broad,Lampasas County,NA,Texas,0,1,N/A,Lampasas County,NA,NA,Lampasas,76550,Lampasas County,NA,NA,NA,NA,0.33,place,TX,31.183225,-98.236306,48,48281,4841188,950302,3011,3,482819503023011
270,2014-01-02,610 Howard Street,Taylor,NA,Texas,0,1,N/A,Taylor,610,Howard St,Taylor,76574,Williamson County,545,86,51441,4793,1,rooftop,TX,30.572061,-97.420253,48,48491,4871948,021100,1015,1,484910211001015
